n,method,rmse,bias,runtime
40,gnn,10850.249583810337,10850.249583810337,0.2851879119873047
40,pca,22774.82590762533,-22774.825907625327,0.002767677307128906
40,spectral,26659.247984606325,-26659.24798460633,0.005309376716613769
40,random,448.86073164959726,-448.8607316495973,0.0027524375915527343
200,gnn,14015.574101574512,-2813.320418720498,0.5620077753067017
200,pca,1184.3109957482443,1184.3109957482445,0.1107991361618042
200,spectral,4820.185975975528,-4820.185975975528,0.10548973083496094
200,random,1111.6241791502684,1111.6241791502687,0.09501574039459229
