confounding,method,rmse,bias
0.0,asd,1757.9679853912553,215.96497702475853
0.0,random_design,1472.679714348547,1472.6797143485467
0.2,asd,1686.4614304571128,722.9737621548032
0.2,random_design,1290.4832630565584,1290.4832630565584
0.5,asd,1281.4577135534366,320.7546889885087
0.5,random_design,1017.1885861185636,1017.1885861185632
0.8,asd,957.0144019992158,217.71202112304928
0.8,random_design,743.8939091805668,743.8939091805665
